cohort,period,n_decided,strict_win_rate,strict_win_ci_low,strict_win_ci_high,broad_win_rate,broad_win_ci_low,broad_win_ci_high,represented_strict_win,represented_strict_win_ci_low,represented_strict_win_ci_high,pro_se_strict_win,pro_se_strict_win_ci_low,pro_se_strict_win_ci_high,pro_se_share,pro_se_share_ci_low,pro_se_share_ci_high,institutional_plaintiff_share,institutional_plaintiff_share_ci_low,institutional_plaintiff_share_ci_high,mtd_n_decided,mtd_broad_survival_rate,mtd_broad_survival_ci_low,mtd_broad_survival_ci_high,p2_descriptive_only,claim_gate
DIS,P1,383,0.21148825065274152,0.17232375979112272,0.25326370757180156,0.35509138381201044,0.30548302872062666,0.402088772845953,0.3522727272727273,0.2840909090909091,0.42613636363636365,0.09178743961352658,0.05314009661835749,0.13043478260869565,0.5404699738903395,0.4908616187989556,0.587467362924282,0.19321148825065274,0.15404699738903394,0.2349869451697128,217,0.3225806451612903,0.2626728110599078,0.3824884792626728,False,APPENDIX-READY
DIS,P2,101,0.09900990099009901,0.039603960396039604,0.15841584158415842,0.24752475247524752,0.16831683168316833,0.33663366336633666,0.2,0.09937500000000005,0.325,0.03278688524590164,0.0,0.08196721311475409,0.6039603960396039,0.5148514851485149,0.7029702970297029,0.16831683168316833,0.09900990099009901,0.24752475247524752,64,0.203125,0.109375,0.3125,False,APPENDIX-READY
DIS,P3,314,0.1178343949044586,0.08598726114649681,0.15286624203821655,0.21337579617834396,0.16871019108280255,0.2611464968152866,0.32098765432098764,0.2222222222222222,0.41975308641975306,0.04721030042918455,0.02145922746781116,0.07725321888412018,0.7420382165605095,0.6910828025477707,0.7929936305732485,0.09554140127388536,0.06369426751592357,0.12738853503184713,197,0.15736040609137056,0.11154822335025381,0.20812182741116753,False,APPENDIX-READY
DIS_ANY_SENSITIVITY,P1,476,0.17857142857142858,0.14495798319327732,0.21428571428571427,0.3025210084033613,0.26260504201680673,0.34243697478991597,0.34210526315789475,0.2789473684210526,0.41578947368421054,0.06993006993006994,0.04195804195804196,0.0979020979020979,0.6008403361344538,0.5567226890756303,0.6449579831932774,0.16176470588235295,0.12815126050420167,0.19747899159663865,288,0.2569444444444444,0.2082465277777778,0.3090277777777778,False,APPENDIX-READY
DIS_ANY_SENSITIVITY,P2,120,0.08333333333333333,0.041666666666666664,0.13333333333333333,0.20833333333333334,0.14166666666666666,0.2833333333333333,0.19047619047619047,0.07142857142857142,0.30952380952380953,0.02564102564102564,0.0,0.0641025641025641,0.65,0.5583333333333333,0.7333333333333333,0.14166666666666666,0.08333333333333333,0.20833333333333334,73,0.1780821917808219,0.0958904109589041,0.2602739726027397,False,APPENDIX-READY
DIS_ANY_SENSITIVITY,P3,399,0.09774436090225563,0.07017543859649122,0.12781954887218044,0.18295739348370926,0.14780701754385964,0.22305764411027568,0.3181818181818182,0.2159090909090909,0.42045454545454547,0.03536977491961415,0.01607717041800643,0.05787781350482315,0.7794486215538847,0.7393483709273183,0.8195488721804511,0.08270676691729323,0.05764411027568922,0.11027568922305764,248,0.13709677419354838,0.09274193548387097,0.1814516129032258,False,APPENDIX-READY
RACE-DT,P1,138,0.08695652173913043,0.043478260869565216,0.13768115942028986,0.26811594202898553,0.1956521739130435,0.34782608695652173,0.19047619047619047,0.07142857142857142,0.30952380952380953,0.041666666666666664,0.010416666666666666,0.08333333333333333,0.6956521739130435,0.6159420289855072,0.7682971014492743,0.043478260869565216,0.014492753623188406,0.07971014492753623,95,0.22105263157894736,0.1368421052631579,0.30526315789473685,False,APPENDIX-READY
RACE-DT,P2,37,0.05405405405405406,0.0,0.13513513513513514,0.21621621621621623,0.08108108108108109,0.35135135135135137,0.1,0.0,0.3,0.037037037037037035,0.0,0.1111111111111111,0.7297297297297297,0.5945945945945946,0.8648648648648649,0.0,0.0,0.0,26,0.23076923076923078,0.07692307692307693,0.4230769230769231,True,APPENDIX-READY
RACE-DT,P3,71,0.056338028169014086,0.014084507042253521,0.11267605633802817,0.15492957746478872,0.07042253521126761,0.23943661971830985,0.15789473684210525,0.0,0.3157894736842105,0.019230769230769232,0.0,0.057692307692307696,0.7323943661971831,0.6334507042253522,0.8309859154929577,0.014084507042253521,0.0,0.04225352112676056,47,0.10638297872340426,0.02127659574468085,0.19148936170212766,False,APPENDIX-READY
RACE-ALL,P1,185,0.08648648648648649,0.04864864864864865,0.12972972972972974,0.2702702702702703,0.20540540540540542,0.33513513513513515,0.14634146341463414,0.07317073170731707,0.21951219512195122,0.038834951456310676,0.009708737864077669,0.07766990291262135,0.5567567567567567,0.4810810810810811,0.6270270270270271,0.0918918918918919,0.05405405405405406,0.13513513513513514,126,0.25396825396825395,0.18234126984126983,0.3333333333333333,False,APPENDIX-READY
RACE-ALL,P2,46,0.043478260869565216,0.0,0.10869565217391304,0.1956521739130435,0.08695652173913043,0.30434782608695654,0.0625,0.0,0.1875,0.03333333333333333,0.0,0.1,0.6521739130434783,0.5217391304347826,0.782608695652174,0.021739130434782608,0.0,0.06521739130434782,33,0.21212121212121213,0.09090909090909091,0.36363636363636365,True,APPENDIX-READY
RACE-ALL,P3,94,0.06382978723404255,0.02127659574468085,0.11702127659574468,0.20212765957446807,0.1276595744680851,0.2872340425531915,0.15151515151515152,0.030303030303030304,0.2727272727272727,0.01639344262295082,0.0,0.04918032786885246,0.648936170212766,0.5531914893617021,0.7446808510638298,0.0425531914893617,0.010638297872340425,0.0851063829787234,59,0.1864406779661017,0.0847457627118644,0.288135593220339,False,APPENDIX-READY
NONDIS,P1,325,0.10461538461538461,0.07384615384615385,0.13546153846153805,0.26461538461538464,0.2153846153846154,0.3169230769230769,0.22137404580152673,0.15267175572519084,0.2900763358778626,0.02577319587628866,0.005154639175257732,0.05154639175257732,0.5969230769230769,0.5415384615384615,0.6492307692307693,0.08923076923076922,0.06146153846153847,0.12307692307692308,210,0.20952380952380953,0.15714285714285714,0.26666666666666666,False,APPENDIX-READY
NONDIS,P2,68,0.04411764705882353,0.0,0.10294117647058823,0.17647058823529413,0.08823529411764706,0.2647058823529412,0.12,0.0,0.28,0.0,0.0,0.0,0.6323529411764706,0.5147058823529411,0.7352941176470589,0.058823529411764705,0.014705882352941176,0.11764705882352941,41,0.17073170731707318,0.07317073170731707,0.2926829268292683,False,APPENDIX-READY
NONDIS,P3,219,0.0502283105022831,0.0228310502283105,0.0821917808219178,0.1598173515981735,0.1141552511415525,0.2100456621004566,0.1694915254237288,0.0847457627118644,0.2711864406779661,0.00625,0.0,0.01875,0.730593607305936,0.6712328767123288,0.7853881278538812,0.0502283105022831,0.0228310502283105,0.0821917808219178,136,0.13970588235294118,0.08823529411764706,0.20588235294117646,False,APPENDIX-READY
FAM,P1,17,0.35294117647058826,0.11764705882352941,0.5882352941176471,0.6470588235294118,0.4117647058823529,0.8823529411764706,0.38461538461538464,0.15384615384615385,0.6153846153846154,0.25,0.0,0.75,0.23529411764705882,0.058823529411764705,0.47058823529411764,0.29411764705882354,0.11764705882352941,0.5294117647058824,3,0.3333333333333333,0.0,1.0,False,APPENDIX-READY
FAM,P2,2,0.0,0.0,0.0,0.5,0.0,1.0,0.0,0.0,0.0,0.0,0.0,0.0,0.5,0.0,1.0,0.5,0.0,1.0,1,0.0,0.0,0.0,True,APPENDIX-READY
FAM,P3,7,0.0,0.0,0.0,0.2857142857142857,0.0,0.7142857142857143,0.0,0.0,0.0,0.0,0.0,0.0,0.7142857142857143,0.42857142857142855,1.0,0.0,0.0,0.0,5,0.2,0.0,0.6,False,APPENDIX-READY
RD-PURE,P1,170,0.28823529411764703,0.2235294117647059,0.35294117647058826,0.43529411764705883,0.36470588235294116,0.5117647058823529,0.40425531914893614,0.30851063829787234,0.5,0.14473684210526316,0.07894736842105263,0.2236842105263158,0.4470588235294118,0.37058823529411766,0.5235294117647059,0.18823529411764706,0.12941176470588237,0.24705882352941178,83,0.4457831325301205,0.3373493975903614,0.5542168674698795,False,APPENDIX-READY
RD-PURE,P2,33,0.06060606060606061,0.0,0.15151515151515152,0.15151515151515152,0.030303030303030304,0.2727272727272727,0.125,0.0,0.3125,0.0,0.0,0.0,0.5151515151515151,0.36363636363636365,0.696969696969697,0.12121212121212122,0.030303030303030304,0.24242424242424243,16,0.1875,0.0,0.375,True,APPENDIX-READY
RD-PURE,P3,141,0.10638297872340426,0.05673758865248227,0.1562056737588643,0.19148936170212766,0.1276595744680851,0.2553191489361702,0.3157894736842105,0.18421052631578946,0.47368421052631576,0.02912621359223301,0.0,0.06796116504854369,0.7304964539007093,0.6595744680851063,0.8014184397163121,0.07801418439716312,0.03546099290780142,0.1276595744680851,78,0.1794871794871795,0.10256410256410256,0.2564102564102564,False,APPENDIX-READY
DT-PURE,P1,78,0.10256410256410256,0.038461538461538464,0.1794871794871795,0.21794871794871795,0.1282051282051282,0.3076923076923077,0.3333333333333333,0.1111111111111111,0.5555555555555556,0.03333333333333333,0.0,0.08333333333333333,0.7692307692307693,0.6794871794871795,0.8589743589743589,0.11538461538461539,0.05128205128205128,0.19230769230769232,55,0.16363636363636364,0.07272727272727272,0.2727272727272727,False,APPENDIX-READY
DT-PURE,P2,23,0.08695652173913043,0.0,0.21739130434782608,0.21739130434782608,0.043478260869565216,0.391304347826087,0.2,0.0,0.6,0.05555555555555555,0.0,0.16666666666666666,0.782608695652174,0.6086956521739131,0.9565217391304348,0.08695652173913043,0.0,0.21739130434782608,18,0.1111111111111111,0.0,0.2777777777777778,True,APPENDIX-READY
DT-PURE,P3,53,0.1509433962264151,0.05660377358490566,0.24528301886792453,0.22641509433962265,0.11320754716981132,0.33962264150943394,0.5,0.2857142857142857,0.7857142857142857,0.02564102564102564,0.0,0.07692307692307693,0.7358490566037735,0.6037735849056604,0.8490566037735849,0.03773584905660377,0.0,0.09433962264150944,38,0.05263157894736842,0.0,0.13157894736842105,False,APPENDIX-READY
MIXED,P1,107,0.18691588785046728,0.11214953271028037,0.27102803738317754,0.35514018691588783,0.2616822429906542,0.4485981308411215,0.3018867924528302,0.18867924528301888,0.4339622641509434,0.07407407407407407,0.018518518518518517,0.14814814814814814,0.5046728971962616,0.40186915887850466,0.5981308411214953,0.2616822429906542,0.18691588785046728,0.34579439252336447,62,0.3225806451612903,0.20967741935483872,0.43548387096774194,False,APPENDIX-READY
MIXED,P2,36,0.1388888888888889,0.027777777777777776,0.25,0.3611111111111111,0.2222222222222222,0.5277777777777778,0.23529411764705882,0.058823529411764705,0.47058823529411764,0.05263157894736842,0.0,0.15789473684210525,0.5277777777777778,0.3611111111111111,0.6944444444444444,0.2777777777777778,0.1388888888888889,0.4166666666666667,24,0.2916666666666667,0.125,0.5,True,APPENDIX-READY
MIXED,P3,99,0.12121212121212122,0.06060606060606061,0.18181818181818182,0.25252525252525254,0.1717171717171717,0.3434343434343434,0.19230769230769232,0.038461538461538464,0.34615384615384615,0.0958904109589041,0.0273972602739726,0.1780821917808219,0.7373737373737373,0.6565656565656566,0.8282828282828283,0.15151515151515152,0.09090909090909091,0.2222222222222222,66,0.21212121212121213,0.12121212121212122,0.3181818181818182,False,APPENDIX-READY
