victory_id,case_name,court,docket_no,complaint_filed_date,qualifying_disposition_date,initial_prose,complaint_filer,first_counsel_entry_date,first_counsel_entry_evidence,counsel_at_qualifying_disposition,counsel_at_disposition_names,post_dismissal_entry,presuit_org_involvement,evidence_entries,unavailable_notes,coder_confidence
V-DORCHESTER,United States v. The Dorchester Owners Association,E.D. Pa.,20-1396,2020-03-12,2023-01-25,FILED_BY_COUNSEL,GOVERNMENT (DOJ; ECF 1 COMPLAINT filed by THE UNITED STATES OF AMERICA),2020-03-12 FROM_FILING,"ECF 1 (2020-03-12) filed by the United States; first e-signed DOJ docket item ECF 4 (2020-05-11, Mazen M. Basrawi) per notes.md counsel-entry section",YES,"DOJ Civil Rights Division attorneys of record per attorneys API: Mazen M. Basrawi, Noah Sacks, Samantha Ondrade, Yenisey Rodriguez, Elizabeth L. Coyne, James V. Fletcher, Jennifer E. Robins, Timothy J. Moran",NA,"Federal administrative agency complaint preceded suit: doc299_posttrial_memorandum.pdf p.1 (""This dispute started ... as a complaint to a federal administrative agency""); DOJ then sued under 42 U.S.C. 3614(a) pattern-or-practice",ECF 1; ECF 4; ECF 299 (doc299_posttrial_memorandum.pdf p.1); ECF 300; counsel.json/attorneys API per notes.md,"Complaint PDF not archived; identity of the administrative agency (HUD) not stated on the archived page cited, described only as ""a federal administrative agency""",HIGH
V-FHJC-PELICAN,"Fair Housing Justice Center, Inc. v. Pelican Management, Inc.",S.D.N.Y.,18-cv-1564 (ER) (OTW),2018-02-21,2023-09-29,FILED_BY_COUNSEL,"Diane Lee Houk (ECF 1 filer tag ""(Houk, Diane)"") for plaintiffs FHJC and Alfred Spooner",2018-02-21 FROM_FILING,"ECF 1 (2018-02-21) filer tag (Houk, Diane); ECF 7 same day: NOTICE OF APPEARANCE by David Benjamin Berman for FHJC and Spooner",YES,"David Benjamin Berman (post-trial filings ECF 169/170/171, 2022-12-15) and Diane Houk (ECF 175, 2023-10-05, six days after disposition); Sonya Levitova and Michele Yankson also of record per attorneys API (date_action null)",NA,"Fair-housing org as plaintiff and investigator: FHJC tester investigation described in doc172_bench_trial_opinion_and_order.pdf witness list (Shaye Belcon, FHJC investigative coordinator; testers Kate Haggerty and Lisa Darden who posed as potential renters)",ECF 1; ECF 7; ECF 169-171; ECF 172 (doc172 pdf); ECF 175,counsel.json attorney name fields returned null in the archived flattening; attorney names taken from docket-entry filer tags and notes.md attorneys-API summary,HIGH
V-GILEAD,"Gilead Community Services, Inc. v. Town of Cromwell",D. Conn.,3:17-cv-00627 (VAB),2017-04-17,2022-05-27,FILED_BY_COUNSEL,"Greg J. Kirschner (ECF 1 filer tag ""(Kirschner, Greg)""; Connecticut Fair Housing Center) for all three plaintiffs (Gilead, CT Fair Housing Center, Rainbow Housing Corp.)",2017-04-17 FROM_FILING,"ECF 1 (2017-04-17) filer tag (Kirschner, Greg); NOAs Yiyang Wu ECF 14 (2017-04-21), Michael Allen ECF 15 (2017-04-24), Tara K. Ramchandani ECF 37 (2017-08-28)",YES,"Yiyang Wu (filed ECF 255 nominal-damages motion 2021-12-02, granted in the ECF 281 disposition order), Michael Allen, Tara K. Ramchandani, Greg J. Kirschner of record; Andrea Lowe had withdrawn 2021-10-28 (ECF 245)",NA,"Fair-housing org as co-plaintiff: Connecticut Fair Housing Center, Inc. is a named plaintiff on ECF 1 and on the jury verdict (ECF 239, doc239_jury_verdict.pdf); its counsel (Kirschner) filed the complaint",ECF 1; ECF 14; ECF 15; ECF 37; ECF 239; ECF 245; ECF 255; ECF 281 (doc281 pdf),"Complaint PDF not archived, so any pre-suit investigation detail beyond the org's plaintiff status is not in the archived record",HIGH
V-GROSSMAN,"Lorin Grossman v. B&J Services of Miami, LLC, et al.",S.D. Fla.,1:25-cv-20455-KMM,2025-01-30,2026-02-09,FILED_BY_COUNSEL,"Nolan Klein, Law Offices of Nolan Klein (ECF 1 filer tag ""(Klein, Nolan)""; signature block doc1_complaint.pdf p.16)",2025-01-30 FROM_FILING,"ECF 1 (2025-01-30) filer tag (Klein, Nolan) and /s/ Nolan Klein signature block, doc1_complaint.pdf p.16; counsel.json/counsel_attorneys.json list Nolan Keith Klein as lead attorney (date_action null)",YES,"Nolan Keith Klein (ECF 24 default-judgment motion 2025-04-28 and ECF 29 fees motion 2026-02-11, both filer tag (Klein, Nolan), bracketing the 2026-02-09 disposition)",NA,"State agency complaint before suit: plaintiff filed with the Florida Commission on Human Relations, which after full investigation made a reasonable-cause determination; plaintiff elected a private action (doc1_complaint.pdf paras. 4-5, pp. 1-2)",ECF 1 (doc1_complaint.pdf pp. 1-2 and 16); ECF 24; ECF 29; counsel.json; counsel_attorneys.json,CSV representation_coding notes the database pro_se=True was corrected; docket confirms counseled from filing (no conflict with the correction),HIGH
V-HARMONY,"Harmony Home of Huntington, Inc. v. Executive Director, Indiana Department of Homeland Security",S.D. Ind.,1:24-cv-01228-TWP-MKK,2024-07-22,2026-03-10,FILED_BY_COUNSEL,"Kenneth J. Falk and Stevie J. Pactor, ACLU of Indiana (signature block doc1_complaint.pdf p.14, ""Attorneys for Plaintiff"")",2024-07-22 FROM_FILING,"ECF 1 (2024-07-22) signature block, doc1_complaint.pdf p.14; two entries labeled Notice of Appearance (ECF 2, ECF 3) docketed the same day (RECAP labels do not identify the filer)",YES,"Kenneth J. Falk and Stevie J. Pactor (ACLU of Indiana) per the ECF 1 signature block; no withdrawal or substitution entry appears before the disposition (first withdrawal activity is ECF 131, 2026-06-18, post-disposition)",NA,"ACLU of Indiana represented plaintiff from filing (doc1_complaint.pdf p.14); complaint also shows a pre-suit variance request to the Indiana Department of Homeland Security (prayer, doc1_complaint.pdf p.14); no HUD or fair-housing-org complaint appears in the archived record",ECF 1 (doc1_complaint.pdf pp. 1 and 14); ECF 2; ECF 3; ECF 116 (doc116 pdf); ECF 131,RECAP parties/attorneys tables are EMPTY for this docket and most entries carry document-type labels only; counsel-at-disposition names rest on the complaint signature block plus absence of any earlier withdrawal label,MEDIUM
V-HILL,Spring Hill v. Provident Asset Management LLC,E.D. Mich.,24-11500,2024-06-08,2025-02-07,FILED_BY_COUNSEL,"Francyne B. Stacey (ECF 1 filer tag ""(Stacey, Francyne)"")",2024-06-08 FROM_FILING,"ECF 1 (2024-06-08) COMPLAINT filed by Spring Hill, filer tag (Stacey, Francyne); RECAP party record lists Francyne B. Stacey as attorney-to-be-noticed",YES,"Francyne B. Stacey (ECF 14 default-judgment motion 2024-11-25 and ECF 20 fees motion 2025-02-05, both filer tag (Stacey, Francyne); the ECF 22 disposition order of 2025-02-07 grants the fees motion in part)",NA,UNKNOWN - the complaint (free on RECAP) was not archived locally and no archived docket text shows pre-suit org or agency involvement; the record that would show it is not archived,ECF 1; ECF 14; ECF 20; ECF 22 (doc22 pdf); counsel.json party record,"notes.md states filer tags run from ECF 3 (2024-08-01) onward, but docket_entries.json shows ECF 1 itself carries (Stacey, Francyne); conflict resolved in favor of the entry text",HIGH
V-HORIZON,"Horizon House, Inc. v. East Norriton Township",E.D. Pa.,19-1252,2019-03-25,2022-07-25,FILED_BY_COUNSEL,"UNKNOWN signer (complaint PDF not archived); plaintiff counsel of record from case opening: Guy Vilim and Noreen Amir, Law Office of Guy Vilim LLC",2019-03-25 (FROM_FILING),"ECF 1 (2019-03-25 fee-paid complaint by corporate plaintiff, which cannot proceed pro se); ECF 3 (2019-04-12 first VILIM-tagged plaintiff e-filing); ECF 9 (2019-05-23 AMIR-tagged filing); counsel.json attorneys table (Vilim/Amir, Law Office of Guy Vilim LLC)",YES,Guy Vilim; Noreen Amir (Law Office of Guy Vilim LLC),NA,"NONE_IN_RECORD beyond plaintiff itself: plaintiff is a nonprofit disability-services provider (group-home operator) suing in its own name; pre-suit record shows the Township zoning special-exception process and a state Commonwealth Court zoning appeal (Nos. 1027/1048 C.D. 2020), not a HUD/state discrimination complaint, tester, or fair-housing org","ECF 1, 3, 9 (counsel entries); ECF 103 (plaintiff SJ motion), 118 (SJ order 2022-07-25), 135/138/139 (fee petition and $185,502.05 award 2023-02-03); doc117_sj_memorandum.pdf pp. 1, 4-8 (pre-suit zoning history); notes.md counsel-entry section; counsel.json",Complaint PDF not archived so the signature block is unverified; attorneys API role date_action fields are null (dates above are docket-entry evidence),HIGH
V-HUSTON,"Tami Huston; Justin Huston v. Willamette Valley Rentals, LLC; Nick Sharifi; Roya Sharifi",D. Or.,6:24-cv-01725-AA,2024-10-11,2026-02-03,FILED_BY_COUNSEL,"UNKNOWN signer (complaint PDF free on RECAP but not archived); RECAP lists Dennis Steinman and Scott J. Aldworth, Kell Alterman & Runstein LLP, as lead counsel for both plaintiffs",2024-10-11 (FROM_FILING per counsel.json lead-counsel designations and notes.md; no dated NOA in RECAP),"ECF 1 (2024-10-11 complaint, $405 filing fee collected, jury demand); counsel.json parties/attorneys (Steinman and Aldworth, lead / attorney-to-be-noticed for Tami and Justin Huston; date_action null)",YES,"Dennis Steinman; Scott J. Aldworth (Kell, Alterman & Runstein, L.L.P.)",NA,"NONE_IN_RECORD: doc20 opinion background (pp. 2-5) recounts direct dealings only (Mrs. Huston contacted WVR about the Hoover Ave. property; accommodation requests made directly); no fair-housing org, HUD/BOLI complaint, tester, or legal-aid referral appears in the archived record","ECF 1 (filing); ECF 17 (plaintiffs' partial SJ motion 2025-08-28 with Tami Huston Decl., ECF 17-2); ECF 20 (opinion and order granting SJ 2026-02-03); doc20_opinion_order_partial_summary_judgment.pdf pp. 1-5; counsel.json; notes.md counsel-entry section",Label-only short-form docket: withdraw motion ECF 14 (2025-02-14; order 2025-03-27) does not identify the moving party or attorney; complaint PDF not archived; counsel dates rest on the undated RECAP party table,MEDIUM
V-MCCLENDON,Ashley Christina McClendon v. Peter Bresler,9th Cir.,23-55378 (D.C. No. 2:20-cv-07758-RGK-GJS),2020-08-26,2024-05-28,FILED_BY_COUNSEL,"Michelle Uzeta, Esq. (signing counsel, /s/ dated 2020-08-25); caption also lists Center for Disability Access (Potter Handy): Raymond Ballister Jr., Russell Handy, Dennis Price (doc1_complaint.pdf pp. 1, 15)",2020-08-26 (FROM_FILING),"District ECF 1 (2020-08-26, Complaint - Attorney Civil Case Opening); doc1_complaint.pdf p. 1 (attorney caption) and p. 15 (/s/ Michelle Uzeta, Attorneys for Plaintiff)",YES,Names of record at both coded dates UNKNOWN: at district post-remand judgment 2023-03-31 represented (proposed final judgment ECF 78 entered as ECF 79; plaintiff fee motion ECF 81 2023-04-13); at CA9 affirmance 2024-05-28 represented (appeal argued and submitted 2024-05-14 per doc94 p. 1; substitute-attorney filing ECF 98 2024-09-17 implies counsel of record); RECAP attorney tables empty for both dockets,NA,"NONE_IN_RECORD: complaint paras. 18-28 (pp. 4-5) allege a Zillow advertisement, direct application and email exchange with Bresler in July 2020, and denial; suit filed one month later; no HUD/state agency complaint, fair-housing org, tester, or legal-aid referral alleged; doc94 pp. 2-3 factual recital matches","doc1_complaint.pdf pp. 1, 3-5, 14-15 (visually reviewed; scanned image, no text layer); district ECF 52 (adverse partial SJ 2021-10-21 per doc79 p. 2), ECF 59 (adverse trial-phase termination 2021-12-11), ECF 62/66/68 (withdrawal entries 2021-12-20, 2022-04-15, 2022-04-21, names not stated), ECF 78/79 (final judgment 2023-03-31), ECF 81/91 (fee motions), ECF 94 (CA9 memorandum affirming 2024-05-28), ECF 98 (substitute attorney 2024-09-17); ca9_counsel.json (empty)",RECAP party/attorney tables EMPTY for both dockets; CA9 docket is a zero-entry shell; withdrawal entries around the adverse 2021 rulings are label-only so the Potter Handy vs. Uzeta sequence cannot be confirmed from the archive; notes.md does NOT mention any Potter Handy to Uzeta/DREDF transition (conflict with tasking note); USCA orders ECF 63/69/70/82/86/93/97 PACER-only,MEDIUM
V-MCCREADY,"John McCready v. Unity Sober Living Homes, LLC, RE/MAX Achievers",E.D. Pa.,24-2226,"UNKNOWN (filed in Philadelphia County Court of Common Pleas; removed 2024-05-24, ECF 1)",2025-07-16,UNKNOWN,"UNKNOWN: the original and amended state-court complaints are archived only as PACER-only attachments to the removal notice (ECF 1, Exs. A-B), so the signer is not in the archive",2024-05-28 (first plaintiff-counsel appearance on the federal docket),"ECF 3 (2024-05-28): NOTICE of Appearance by Christina Bowen on behalf of John McCready, with certificate of service",YES,"Mark W. Fidanza (lead, e.g. ECF 21, 71); Christina Bowen; Julia Lueddeke; Millisa Yensel (all Reed Smith LLP, per counsel.json attorneys table and docket filer tags)",NO,"NONE_IN_RECORD in the archived federal record: doc97 background (pp. 1-3) shows a private dispute (discharge from Valley Forge Medical Center rehab to Unity sober living, rent-policy discrimination, wrongful eviction); no HUD/PHRC complaint, fair-housing org, tester, or legal-aid referral appears; state-court complaint not archived so pre-suit allegations there are unverifiable",ECF 1 (removal 2024-05-24); ECF 3 (Bowen NOA 2024-05-28); ECF 21 (Fidanza opposition 2024-06-28); ECF 71 (plaintiff partial SJ motion with Fidanza declaration); ECF 97/98 (SJ memorandum and order 2025-07-16); doc97_sj_memorandum.pdf pp. 1-3; counsel.json; notes.md counsel-entry section,"Pre-removal (state-court) representation status not in archive; ECF 1 attachments and state record (ECF 4) PACER-only; post_dismissal_entry coded NO on the federal record (counsel appeared 4 days after removal, before any adverse ruling), not on the unarchived state record",MEDIUM
V-NITSCHKE,"Chelsie Nitschke and Cynthia George v. 326 Welch Partners; Avenue Construction, LLC; Barnett Design Studio, LLC",M.D. Tenn.,3:25-cv-00217,2025-02-26,2026-02-12,FILED_BY_COUNSEL,"Eric G. Calhoun (Texas Bar 03638800, Richardson, TX) and M. Todd Sandahl (TN Bar 19167, Franklin, TN), signature block 'ATTORNEYS FOR PLAINTIFFS' (doc1_complaint.pdf p. 14)",2025-02-26 (FROM_FILING),"ECF 1 (2025-02-26 complaint; signature block doc1_complaint.pdf p. 14); ECF 6-9 summons notices same day bear filer tag (Calhoun, Eric); unnumbered 2025-02-26 docket text verifying Calhoun (TX) and Sandahl (TN) bar admissions",YES,Eric G. Calhoun; Matthew Todd Sandahl (counsel.json/counsel_attorneys.json for both plaintiffs; plaintiffs' JOP motion ECF 28 granted by ECF 49),NA,"NONE_IN_RECORD: full-text complaint reviewed; plaintiffs are individual disabled tenants (quadriplegic wheelchair user; mobility-impaired) suing over FHA design-and-construction violations at 7 at Seven Mile Creek; no fair-housing org, HUD complaint, tester, or referral alleged (prayer seeks an injunction permitting survey of covered properties, but no org is identified)","ECF 1 (complaint, doc1_complaint.pdf pp. 1-2, 14); ECF 6-9 (Calhoun filer tags); ECF 28 (JOP motion 2025-08-01); ECF 49 (memorandum opinion 2026-02-12, doc49_memorandum_opinion_jop.pdf); ECF 52 (settlement order, doc52_order_20260227.pdf); _counsel_table.txt",Attorney date_action fields null in RECAP (dates above are docket-entry evidence); companion JOP order ECF 50 and dismissal order ECF 54 PACER-only,HIGH
V-OSBORNE,Clifford Osborne et al v. Kevin Belton,W.D. La.,3:20-cv-00208,2020-02-17,2022-08-03,FILED_BY_COUNSEL,"UNKNOWN name: no attorney name appears anywhere in the archived record, but the fee ruling recites that plaintiffs' counsel's fee 'includes investigation of claims, interviewing, preparing, and serving the complaint' (doc56 p. 5), showing the complaint was counsel-prepared",2020-02-17 (FROM_FILING per the doc56 p. 5 fee recital),doc56_memorandum_ruling_damages_fees.pdf p. 5 (fee award covering preparation and service of the complaint); ECF 1 (2020-02-17 complaint); first counsel-related docket event visible is substitute-attorney ECF 15 (2021-06-30),YES,"UNKNOWN: archived rulings do not name plaintiffs' counsel; representation at disposition evidenced by plaintiffs' unopposed MSJ ECF 48 (granted by doc50, 2022-08-03) and the $29,991.80 fee award for 'Plaintiffs' counsel's representation' through 'complete victory' (doc56 pp. 5-6, 2022-09-29)",NA,"NONE_IN_RECORD: doc50 pp. 1-3 and doc56 pp. 1-3 recount a private lease dispute (lease 2018-03-07; physician letter 2018-09-11; eviction 2018-10-04) followed by direct suit in 2020; no HUD/state agency complaint, fair-housing org, tester, or legal-aid program appears in the archived record; complaint PDF not archived","ECF 1 (complaint); ECF 3/4 IFP motions (2020-03-11) granted ECF 5/6 (2020-03-12); ECF 48 (plaintiffs' MSJ); ECF 50 (memorandum ruling 2022-08-03, doc50); ECF 52/56 (fee-damages motion and ruling 2022-09-29, doc56); counsel-change entries 15/17, 23/24, 40-43, 44-45, 46-47 (label-only, unnamed); counsel.json (empty parties/attorneys)",Short-form scraped docket with document-type labels only; RECAP party/attorney endpoints return 0 rows; complaint PDF not archived; all counsel names UNAVAILABLE_PACER_ONLY; IFP status does not contradict counsel filing (fee-shifting contingent representation consistent with doc56),MEDIUM
V-SKOCHKO,"Sydney Skochko v. Mercy Housing, Inc., et al.",N.D. Cal.,20-cv-08659-JSC,2020-12-08,2022-08-15,FILED_BY_COUNSEL,"Deborah Darrow Gettleman, Derby, McGuinness & Goldsmith, LLP (ECF entry 1 filer tag ""(Gettleman, Deborah)"")",FROM_FILING (2020-12-08),"ECF entry 1 (2020-12-08) bears CM/ECF filer tag ""(Gettleman, Deborah)""; counsel.json attorney 7805177 (Gettleman) linked to plaintiff party 11770822",YES,"Deborah Darrow Gettleman and Celia Louise McGuinness, both Derby, McGuinness & Goldsmith, LLP (McGuinness NOA ECF 19, 2021-03-15; no withdrawal entries before 2022-08-15)",NA,"UNKNOWN - complaint PDF not archived (fee-paid ECF filing, entry text recites no pre-suit facts); no HUD/agency/org/tester reference anywhere in the 113 archived docket entries",ECF 1; ECF 19; ECF 81 (qualifying order); counsel.json parties 11770822 + attorneys 7805176/7805177,RECAP role records carry no date_action values; counsel dates taken from docket entry text per notes.md. Pre-suit record (complaint Doc 1) is not archived.,HIGH
V-SWFHC-SCOTTSDALE,Southwest Fair Housing Council v. WG Scottsdale LLC,D. Ariz.,CV-19-00180-TUC-RM,2018-04-20 (parent action CV-18-00210-TUC-RM; this docket opened 2019-03-27 by severance order ECF 1),2022-08-08,FILED_BY_COUNSEL,UNKNOWN signing attorney - complaint filed in the parent action and not archived; plaintiff firms of record per fee order ECF 170: Richards & Moskowitz PLC; Baskin Richards PLC; Eisenberg & Baum LLP,FROM_FILING (earliest archived counsel evidence: ECF 6 substitution-of-counsel notice 2019-04-10 presupposing existing plaintiff counsel of record),ECF 6 (2019-04-10) substitution notice; further counsel entries ECF 12/20/61/66/109; fee order ECF 170 (2022-11-04) awarding plaintiff fees to three firms for trial-period work; org plaintiff represented throughout per notes.md,YES,"Firms Richards & Moskowitz PLC, Baskin Richards PLC, and Eisenberg & Baum LLP (fee order ECF 170 text in docket_entries.json covers trial and post-trial work spanning 2022-08-08; NOA/association ECF 109 2022-05-13); individual attorney names not stated in archived short-form entries",NA,"FAIR_HOUSING_ORG_PLAINTIFF with documented pre-suit tester investigation: SWFHC sent trained testers to Atria Sierra Pointe posing for a fictional deaf ASL-using applicant and requested an ASL interpreter before filing suit (CA9 memo ca9_22-16345_memodisposition_2023-10-17.pdf at 1-3; Bumatay concurrence at 1-2: tester training from ~2015, testing 2016)","ECF 1 (severance order, archived); ECF 6; ECF 109; ECF 152 (qualifying order, archived); ECF 170; ca9_22-16345_memodisposition_2023-10-17.pdf",RECAP has NO party/attorney table for this docket (counsel.json records empty result); short-form scraped docket does not state attorney names on appearance/substitution entries; the parent-action complaint and its signature block are UNAVAILABLE_PACER_ONLY (not archived).,MEDIUM
V-WATSON,Watson v. Vici Community Development Corp.,W.D. Okla.,CIV-20-1011-F,2020-10-06,2022-09-01,UNKNOWN,"UNKNOWN - ECF entry 1 (complaint) was docketed by court staff ""(dtb)"" with no attorney signature notation; Teressa La Verne Webster is the only plaintiff attorney of record (counsel.json roles: lead attorney / attorney to be noticed, no date_action) but the complaint signature is not evidenced",2020-10-20,"ECF 5 (2020-10-20), IFP supplement, is the first plaintiff filing bearing the CM/ECF signature tag ""(Webster, Teressa)""; all later plaintiff filings are Webster-signed per notes.md",YES,"Teressa La Verne Webster (RECAP lead attorney for plaintiff Arleta Watson, party 11899372; plaintiff's Rule 59(e) motion ECF 86 and fee motion ECF 82 - both counsel-filed motions resolved in the 2022-09-01 order ECF 102 - and no withdrawal entries)",NO,UNKNOWN - complaint PDF not archived; archived entry text recites no pre-suit facts; no HUD/agency/org/tester reference in the 102 archived entries,"ECF 1; ECF 2; ECF 5; ECF 82; ECF 86; ECF 102 (qualifying order, archived); counsel.json party 11899372",AMBIGUITY FLAGGED per notes.md: entry 1 was docketed by court staff (dtb) with no attorney signature notation and the first Webster-signed filing is ECF 5 (2020-10-20); the paper-filing + IFP + clerk-docketing pattern is consistent with either a pro se paper complaint or a counsel paper filing docketed by the clerk. Not resolved by assumption; initial_prose left UNKNOWN. RECAP roles carry no date_action.,MEDIUM
V-GONZALEZ,Gonzalez v. Royse Services LLC,M.D. Fla.,8:24-cv-02014-TPB-LSG,2024-08-23,2025-07-31,UNKNOWN,UNKNOWN - complaint (entry 1) is not free on RECAP and no attorney table exists for this docket; no attorney name appears in any archived entry description,BY 2024-11-05 at latest,"ECF 11 (2024-11-05) ""Notice of Lead Counsel Designation"" plus same-date clerk ""Notice to Counsel of Local Rule"" (docket_entries.json); earlier signature evidence unavailable",YES,"UNKNOWN names - counseled status at disposition is directly evidenced (Doc 19 at 3 para (5): ""Plaintiff is entitled to an award of attorney's fees and costs""; Doc 18 at 20-21 recommends prevailing-party fees under Fla. Stat. 760.35(4) and directs a supplemental fee motion) but RECAP has zero party/attorney rows and entry descriptions name no attorney",NO,"NONE_IN_RECORD per the archived R&R's recitation of the complaint (doc18_rr_default_judgment.pdf at 2-3): booking through the LaVida Vacations website, in-person refusal at check-in 2024-07-20, and direct correspondence with the manager (Doc 1-1); no HUD/state agency complaint, fair-housing org, tester, or legal-aid referral is mentioned. Caveat: the complaint itself is not archived.",ECF 11; ECF 12; ECF 15; ECF 18 (archived doc18_rr_default_judgment.pdf); ECF 19 (archived doc19_order_adopting_rr_default_judgment.pdf); counsel.json (empty parties/attorneys result),"RECAP /parties and /attorneys endpoints return zero rows (archived in counsel.json); complaint entry 1 UNAVAILABLE_PACER_ONLY, so the complaint signature block and pinpoint first-counsel date are unavailable; counsel names never appear in the archived record. CSV addendum records counseled status; this row's YES at disposition rests on the archived Doc 18/19 fee-entitlement findings, not the addendum.",LOW
V-CAREONE,"CareOne at Birchwood, LLC v. Township of Edison",D.N.J.,2:20-cv-07976 (BRM) (JSA),2020-06-30,2024-03-27,FILED_BY_COUNSEL,"UNKNOWN attorney name - complaint filed for corporate plaintiffs CareOne at Birchwood, LLC and 1330 Inman Avenue, LLC with an attorney-filed Corporate Disclosure Statement docketed alongside (ECF 2, tagged ""(aty)"" in docket_entries.json); RECAP short descriptions do not name counsel",FROM_FILING (2020-06-30),"ECF 1 (2020-06-30) complaint + ECF 2 Corporate Disclosure Statement ""(aty)""; notices of appearance ECF 8 (2020-07-24), 13-15, 17-19 in the opening months; corporate LLC plaintiffs with no pro se indicator anywhere on the docket per notes.md",YES,"UNKNOWN names - counseled status at disposition directly evidenced: doc81_sj_opinion.pdf at 1-2 recites Plaintiffs' counsel-briefed SJ motion (ECF 78), oppositions (ECF 76-10, 77-9) and reply (ECF 78-33); substitution of attorney ECF 79 (2023-10-16) and NOA ECF 80 (2023-10-18) immediately precede the 2024-03-27 order; RECAP has no attorney table",NA,"NONE_IN_RECORD as to fair-housing org / HUD or state agency complaint / testers / legal-aid referral. The archived record shows the pre-suit process was a municipal zoning proceeding: NJ Certificate of Need 2018-11-28, use- and bulk-variance Application to the Edison Zoning Board, public hearings, unanimous denial 2019-12-17, memorializing Resolution 2020-05-12 (doc81_sj_opinion.pdf at 6-9), followed by this suit 2020-06-30.",ECF 1; ECF 2; ECF 8; ECF 79; ECF 80; ECF 81 (archived doc81_sj_opinion.pdf); counsel.json (empty parties/attorneys result),"RECAP /parties and /attorneys endpoints return zero rows (archived in counsel.json); short-form entry descriptions do not state which party each appearance is for and name no attorneys; the D.N.J. opinion carries no appearance block, so plaintiff counsel names are unavailable in the archived record.",MEDIUM
V-ROBINS,"Lori Robins v. Waterford at Aberdeen Association, Inc., et al.",S.D. Fla.,24-81213-CIV-SINGHAL,2024-10-01,2026-02-04,FILED_BY_COUNSEL,"Gregory S. Sconzo, Esq. and Michelle C. Genao, Esq., Sconzo Law Office, P.A., Palm Beach Gardens, FL (doc1_complaint.pdf signature block at 52; ECF entry 1 filer tag ""(Sconzo, Gregory)"")",FROM_FILING (2024-10-01),"ECF 1 (2024-10-01) bears CM/ECF filer tag ""(Sconzo, Gregory)"" and the archived complaint's signature block (doc1_complaint.pdf at 52)",YES,Gregory Steven Sconzo (lead attorney and attorney to be noticed) and Michelle Christine Rosado-Genao (attorney to be noticed) per counsel.json/counsel_attorneys.json; active counsel-filed trial-track litigation surrounds the 2026-02-04 SJ order (SJ motion DE 77; motions in limine ECF 161; pretrial stipulation ECF 165-166),NA,"NONE_IN_RECORD - the archived 52-page complaint alleges only the plaintiff's own verbal and written accommodation requests and letters to defendants (paras 20-21, 45, 49, 99, 120) and a Palm Beach County Sheriff's Office report on the death-threat note (para 123); no HUD or state agency complaint, fair-housing org, tester, or legal-aid referral is alleged","ECF 1 (archived doc1_complaint.pdf); ECF 151; ECF 154 (qualifying order, archived doc154_sj_order.pdf); ECF 161; counsel.json; counsel_attorneys.json","Minor internal discrepancy: the complaint signature block is dated October 10, 2024 while the docket entry and page stamps show entered on FLSD docket 2024-10-01; both sources archived, filer tag and signature block agree on Sconzo. RECAP date_action fields are null.",HIGH
V-MILLERBORG,"Millerborg v. Blue Bonnet Trail, LLC",N.D. Tex.,3:24-cv-02607-N,2024-10-16,2026-05-06,UNKNOWN,"UNKNOWN - complaint (entry 1) is PACER-only on a short-form RECAP docket; no filer tag, signature block, or attorney table appears anywhere in the public record",UNKNOWN,"No dated counsel-entry evidence in the public docket; heavily litigated posture (amended complaint, SJ briefing with appendix, proposed jury charge and voir dire, motions in limine) and the DB representation coding are consistent with counseled litigation but do not date a first entry","YES (per DB representation coding sustained by the sweep adjudication - dispositive quote machine-verified, full adjudication author-read; ECF 62 archived - no attorney names available in the public record)",UNKNOWN names - RECAP parties/attorneys endpoints not populated; short-form entries carry document-type labels only,UNKNOWN,"UNKNOWN - complaint not archived; no HUD/agency/org/tester reference visible in the short-form docket entries",CL docket 69269057 public docket page (checked 2026-07-17); Millerborg ECF 62 (PACER capture on file with the author; no public mirror),"ADDENDUM ROW 2026-07-17 (post-V-1): added on Millerborg's admission to the census (author V-1 sitting); filing posture UNAVAILABLE_PACER_ONLY; the optional PACER pull (Docs 1 and 63-72, already on the optional-pull list) would resolve initial_prose and counsel names",MEDIUM
